game_id,season,season_type,game_date,game_date_time,athlete_id,athlete_display_name,team_id,team_name,team_location,team_short_display_name,minutes,field_goals_made,field_goals_attempted,three_point_field_goals_made,three_point_field_goals_attempted,free_throws_made,free_throws_attempted,offensive_rebounds,defensive_rebounds,rebounds,assists,steals,blocks,turnovers,fouls,plus_minus,points,starter,ejected,did_not_play,reason,active,athlete_jersey,athlete_short_name,athlete_headshot_href,athlete_position_name,athlete_position_abbreviation,team_display_name,team_uid,team_slug,team_logo,team_abbreviation,team_color,team_alternate_color,home_away,team_winner,team_score,opponent_team_id,opponent_team_name,opponent_team_location,opponent_team_display_name,opponent_team_abbreviation,opponent_team_logo,opponent_team_color,opponent_team_alternate_color,opponent_team_score
401442535,2022,3,2022-06-16,2022-06-16 21:00:00-04:00,3975,Stephen Curry,9,Warriors,Golden State,Warriors,40.0,12.0,21.0,6.0,11.0,4.0,4.0,0.0,7.0,7.0,7.0,2.0,1.0,2.0,4.0,+8,34.0,True,False,False,COACH'S DECISION,True,30,S. Curry,https://a.espncdn.com/i/headshots/nba/players/full/3975.png,Point Guard,PG,Golden State Warriors,s:40~l:46~t:9,golden-state-warriors,https://a.espncdn.com/i/teamlogos/nba/500/gs.png,GS,003da5,fdb927,away,True,103,2,Celtics,Boston,Boston Celtics,BOS,https://a.espncdn.com/i/teamlogos/nba/500/bos.png,006532,f1f2f3,90
401442534,2022,3,2022-06-13,2022-06-13 21:00:00-04:00,3975,Stephen Curry,9,Warriors,Golden State,Warriors,37.0,7.0,22.0,0.0,9.0,2.0,3.0,0.0,4.0,4.0,8.0,2.0,0.0,1.0,2.0,+15,16.0,True,False,False,COACH'S DECISION,False,30,S. Curry,https://a.espncdn.com/i/headshots/nba/players/full/3975.png,Point Guard,PG,Golden State Warriors,s:40~l:46~t:9,golden-state-warriors,https://a.espncdn.com/i/teamlogos/nba/500/gs.png,GS,003da5,fdb927,home,True,104,2,Celtics,Boston,Boston Celtics,BOS,https://a.espncdn.com/i/teamlogos/nba/500/bos.png,006532,f1f2f3,94
401442533,2022,3,2022-06-10,2022-06-10 21:00:00-04:00,3975,Stephen Curry,9,Warriors,Golden State,Warriors,41.0,14.0,26.0,7.0,14.0,8.0,9.0,2.0,8.0,10.0,4.0,0.0,0.0,5.0,3.0,+11,43.0,True,False,False,COACH'S DECISION,True,30,S. Curry,https://a.espncdn.com/i/headshots/nba/players/full/3975.png,Point Guard,PG,Golden State Warriors,s:40~l:46~t:9,golden-state-warriors,https://a.espncdn.com/i/teamlogos/nba/500/gs.png,GS,003da5,fdb927,away,True,107,2,Celtics,Boston,Boston Celtics,BOS,https://a.espncdn.com/i/teamlogos/nba/500/bos.png,006532,f1f2f3,97
401442532,2022,3,2022-06-08,2022-06-08 21:00:00-04:00,3975,Stephen Curry,9,Warriors,Golden State,Warriors,37.0,12.0,22.0,6.0,11.0,1.0,1.0,0.0,4.0,4.0,2.0,2.0,0.0,3.0,4.0,-14,31.0,True,False,False,COACH'S DECISION,False,30,S. Curry,https://a.espncdn.com/i/headshots/nba/players/full/3975.png,Point Guard,PG,Golden State Warriors,s:40~l:46~t:9,golden-state-warriors,https://a.espncdn.com/i/teamlogos/nba/500/gs.png,GS,003da5,fdb927,away,False,100,2,Celtics,Boston,Boston Celtics,BOS,https://a.espncdn.com/i/teamlogos/nba/500/bos.png,006532,f1f2f3,116
401442531,2022,3,2022-06-05,2022-06-05 20:00:00-04:00,3975,Stephen Curry,9,Warriors,Golden State,Warriors,32.0,9.0,21.0,5.0,12.0,6.0,7.0,0.0,6.0,6.0,4.0,3.0,0.0,2.0,2.0,+24,29.0,True,False,False,COACH'S DECISION,False,30,S. Curry,https://a.espncdn.com/i/headshots/nba/players/full/3975.png,Point Guard,PG,Golden State Warriors,s:40~l:46~t:9,golden-state-warriors,https://a.espncdn.com/i/teamlogos/nba/500/gs.png,GS,003da5,fdb927,home,True,107,2,Celtics,Boston,Boston Celtics,BOS,https://a.espncdn.com/i/teamlogos/nba/500/bos.png,006532,f1f2f3,88
401442530,2022,3,2022-06-02,2022-06-02 21:00:00-04:00,3975,Stephen Curry,9,Warriors,Golden State,Warriors,38.0,12.0,25.0,7.0,14.0,3.0,4.0,0.0,5.0,5.0,5.0,3.0,0.0,2.0,3.0,-9,34.0,True,False,False,COACH'S DECISION,False,30,S. Curry,https://a.espncdn.com/i/headshots/nba/players/full/3975.png,Point Guard,PG,Golden State Warriors,s:40~l:46~t:9,golden-state-warriors,https://a.espncdn.com/i/teamlogos/nba/500/gs.png,GS,003da5,fdb927,home,False,108,2,Celtics,Boston,Boston Celtics,BOS,https://a.espncdn.com/i/teamlogos/nba/500/bos.png,006532,f1f2f3,120
401438948,2022,3,2022-05-26,2022-05-26 21:00:00-04:00,3975,Stephen Curry,9,Warriors,Golden State,Warriors,35.0,5.0,17.0,2.0,7.0,3.0,3.0,0.0,3.0,3.0,9.0,3.0,1.0,2.0,2.0,+11,15.0,True,False,False,COACH'S DECISION,False,30,S. Curry,https://a.espncdn.com/i/headshots/nba/players/full/3975.png,Point Guard,PG,Golden State Warriors,s:40~l:46~t:9,golden-state-warriors,https://a.espncdn.com/i/teamlogos/nba/500/gs.png,GS,003da5,fdb927,home,True,120,6,Mavericks,Dallas,Dallas Mavericks,DAL,https://a.espncdn.com/i/teamlogos/nba/500/dal.png,0C479D,c4ced3,110
401438947,2022,3,2022-05-24,2022-05-24 21:00:00-04:00,3975,Stephen Curry,9,Warriors,Golden State,Warriors,33.0,7.0,16.0,2.0,5.0,4.0,5.0,0.0,5.0,5.0,8.0,1.0,0.0,2.0,2.0,-23,20.0,True,False,False,COACH'S DECISION,True,30,S. Curry,https://a.espncdn.com/i/headshots/nba/players/full/3975.png,Point Guard,PG,Golden State Warriors,s:40~l:46~t:9,golden-state-warriors,https://a.espncdn.com/i/teamlogos/nba/500/gs.png,GS,003da5,fdb927,away,False,109,6,Mavericks,Dallas,Dallas Mavericks,DAL,https://a.espncdn.com/i/teamlogos/nba/500/dal.png,0C479D,c4ced3,119
401438946,2022,3,2022-05-22,2022-05-22 21:00:00-04:00,3975,Stephen Curry,9,Warriors,Golden State,Warriors,39.0,10.0,20.0,5.0,10.0,6.0,6.0,1.0,4.0,5.0,11.0,0.0,0.0,3.0,5.0,+19,31.0,True,False,False,COACH'S DECISION,True,30,S. Curry,https://a.espncdn.com/i/headshots/nba/players/full/3975.png,Point Guard,PG,Golden State Warriors,s:40~l:46~t:9,golden-state-warriors,https://a.espncdn.com/i/teamlogos/nba/500/gs.png,GS,003da5,fdb927,away,True,109,6,Mavericks,Dallas,Dallas Mavericks,DAL,https://a.espncdn.com/i/teamlogos/nba/500/dal.png,0C479D,c4ced3,100
401438945,2022,3,2022-05-20,2022-05-20 21:00:00-04:00,3975,Stephen Curry,9,Warriors,Golden State,Warriors,37.0,11.0,21.0,6.0,10.0,4.0,4.0,0.0,8.0,8.0,5.0,0.0,0.0,3.0,4.0,+15,32.0,True,False,False,COACH'S DECISION,False,30,S. Curry,https://a.espncdn.com/i/headshots/nba/players/full/3975.png,Point Guard,PG,Golden State Warriors,s:40~l:46~t:9,golden-state-warriors,https://a.espncdn.com/i/teamlogos/nba/500/gs.png,GS,003da5,fdb927,home,True,126,6,Mavericks,Dallas,Dallas Mavericks,DAL,https://a.espncdn.com/i/teamlogos/nba/500/dal.png,0C479D,c4ced3,117
401438944,2022,3,2022-05-18,2022-05-18 21:00:00-04:00,3975,Stephen Curry,9,Warriors,Golden State,Warriors,31.0,7.0,16.0,3.0,9.0,4.0,7.0,2.0,10.0,12.0,4.0,1.0,1.0,3.0,3.0,+23,21.0,True,False,False,COACH'S DECISION,False,30,S. Curry,https://a.espncdn.com/i/headshots/nba/players/full/3975.png,Point Guard,PG,Golden State Warriors,s:40~l:46~t:9,golden-state-warriors,https://a.espncdn.com/i/teamlogos/nba/500/gs.png,GS,003da5,fdb927,home,True,112,6,Mavericks,Dallas,Dallas Mavericks,DAL,https://a.espncdn.com/i/teamlogos/nba/500/dal.png,0C479D,c4ced3,87
401434775,2022,3,2022-05-13,2022-05-13 22:20:00-04:00,3975,Stephen Curry,9,Warriors,Golden State,Warriors,40.0,10.0,27.0,6.0,17.0,3.0,4.0,0.0,7.0,7.0,5.0,1.0,2.0,3.0,3.0,+16,29.0,True,False,False,COACH'S DECISION,True,30,S. Curry,https://a.espncdn.com/i/headshots/nba/players/full/3975.png,Point Guard,PG,Golden State Warriors,s:40~l:46~t:9,golden-state-warriors,https://a.espncdn.com/i/teamlogos/nba/500/gs.png,GS,003da5,fdb927,home,True,110,29,Grizzlies,Memphis,Memphis Grizzlies,MEM,https://a.espncdn.com/i/teamlogos/nba/500/mem.png,5D76A8,7399c6,96
401434774,2022,3,2022-05-11,2022-05-11 21:30:00-04:00,3975,Stephen Curry,9,Warriors,Golden State,Warriors,25.0,4.0,10.0,3.0,8.0,3.0,4.0,0.0,3.0,3.0,4.0,0.0,0.0,2.0,1.0,-37,14.0,True,False,False,COACH'S DECISION,False,30,S. Curry,https://a.espncdn.com/i/headshots/nba/players/full/3975.png,Point Guard,PG,Golden State Warriors,s:40~l:46~t:9,golden-state-warriors,https://a.espncdn.com/i/teamlogos/nba/500/gs.png,GS,003da5,fdb927,away,False,95,29,Grizzlies,Memphis,Memphis Grizzlies,MEM,https://a.espncdn.com/i/teamlogos/nba/500/mem.png,5D76A8,7399c6,134
401434773,2022,3,2022-05-09,2022-05-09 22:00:00-04:00,3975,Stephen Curry,9,Warriors,Golden State,Warriors,38.0,10.0,25.0,4.0,14.0,8.0,9.0,0.0,5.0,5.0,8.0,1.0,0.0,3.0,3.0,+6,32.0,True,False,False,COACH'S DECISION,True,30,S. Curry,https://a.espncdn.com/i/headshots/nba/players/full/3975.png,Point Guard,PG,Golden State Warriors,s:40~l:46~t:9,golden-state-warriors,https://a.espncdn.com/i/teamlogos/nba/500/gs.png,GS,003da5,fdb927,home,True,101,29,Grizzlies,Memphis,Memphis Grizzlies,MEM,https://a.espncdn.com/i/teamlogos/nba/500/mem.png,5D76A8,7399c6,98
401434772,2022,3,2022-05-07,2022-05-07 20:30:00-04:00,3975,Stephen Curry,9,Warriors,Golden State,Warriors,35.0,7.0,14.0,2.0,8.0,14.0,14.0,0.0,2.0,2.0,6.0,1.0,0.0,1.0,2.0,+21,30.0,True,False,False,COACH'S DECISION,False,30,S. Curry,https://a.espncdn.com/i/headshots/nba/players/full/3975.png,Point Guard,PG,Golden State Warriors,s:40~l:46~t:9,golden-state-warriors,https://a.espncdn.com/i/teamlogos/nba/500/gs.png,GS,003da5,fdb927,home,True,142,29,Grizzlies,Memphis,Memphis Grizzlies,MEM,https://a.espncdn.com/i/teamlogos/nba/500/mem.png,5D76A8,7399c6,112
401434771,2022,3,2022-05-03,2022-05-03 21:30:00-04:00,3975,Stephen Curry,9,Warriors,Golden State,Warriors,39.0,11.0,25.0,3.0,11.0,2.0,2.0,3.0,6.0,9.0,8.0,1.0,0.0,5.0,1.0,-11,27.0,True,False,False,COACH'S DECISION,True,30,S. Curry,https://a.espncdn.com/i/headshots/nba/players/full/3975.png,Point Guard,PG,Golden State Warriors,s:40~l:46~t:9,golden-state-warriors,https://a.espncdn.com/i/teamlogos/nba/500/gs.png,GS,003da5,fdb927,away,False,101,29,Grizzlies,Memphis,Memphis Grizzlies,MEM,https://a.espncdn.com/i/teamlogos/nba/500/mem.png,5D76A8,7399c6,106
401434770,2022,3,2022-05-01,2022-05-01 15:30:00-04:00,3975,Stephen Curry,9,Warriors,Golden State,Warriors,37.0,8.0,20.0,5.0,12.0,3.0,4.0,0.0,3.0,3.0,4.0,0.0,1.0,1.0,5.0,-9,24.0,True,False,False,COACH'S DECISION,False,30,S. Curry,https://a.espncdn.com/i/headshots/nba/players/full/3975.png,Point Guard,PG,Golden State Warriors,s:40~l:46~t:9,golden-state-warriors,https://a.espncdn.com/i/teamlogos/nba/500/gs.png,GS,003da5,fdb927,away,True,117,29,Grizzlies,Memphis,Memphis Grizzlies,MEM,https://a.espncdn.com/i/teamlogos/nba/500/mem.png,5D76A8,7399c6,116
401430255,2022,3,2022-04-27,2022-04-27 22:00:00-04:00,3975,Stephen Curry,9,Warriors,Golden State,Warriors,38.0,10.0,22.0,5.0,11.0,5.0,7.0,1.0,4.0,5.0,5.0,2.0,0.0,5.0,2.0,+7,30.0,True,False,False,COACH'S DECISION,True,30,S. Curry,https://a.espncdn.com/i/headshots/nba/players/full/3975.png,Point Guard,PG,Golden State Warriors,s:40~l:46~t:9,golden-state-warriors,https://a.espncdn.com/i/teamlogos/nba/500/gs.png,GS,003da5,fdb927,home,True,102,7,Nuggets,Denver,Denver Nuggets,DEN,https://a.espncdn.com/i/teamlogos/nba/500/den.png,0860A8,fdb927,98
401430253,2022,3,2022-04-24,2022-04-24 15:30:00-04:00,3975,Stephen Curry,9,Warriors,Golden State,Warriors,37.0,10.0,23.0,3.0,11.0,10.0,14.0,0.0,3.0,3.0,8.0,4.0,1.0,2.0,1.0,-4,33.0,False,False,False,COACH'S DECISION,True,30,S. Curry,https://a.espncdn.com/i/headshots/nba/players/full/3975.png,Point Guard,PG,Golden State Warriors,s:40~l:46~t:9,golden-state-warriors,https://a.espncdn.com/i/teamlogos/nba/500/gs.png,GS,003da5,fdb927,away,False,121,7,Nuggets,Denver,Denver Nuggets,DEN,https://a.espncdn.com/i/teamlogos/nba/500/den.png,0860A8,fdb927,126
401430250,2022,3,2022-04-21,2022-04-21 22:00:00-04:00,3975,Stephen Curry,9,Warriors,Golden State,Warriors,31.0,9.0,17.0,3.0,9.0,6.0,8.0,0.0,3.0,3.0,6.0,0.0,0.0,4.0,3.0,+3,27.0,False,False,False,COACH'S DECISION,False,30,S. Curry,https://a.espncdn.com/i/headshots/nba/players/full/3975.png,Point Guard,PG,Golden State Warriors,s:40~l:46~t:9,golden-state-warriors,https://a.espncdn.com/i/teamlogos/nba/500/gs.png,GS,003da5,fdb927,away,True,118,7,Nuggets,Denver,Denver Nuggets,DEN,https://a.espncdn.com/i/teamlogos/nba/500/den.png,0860A8,fdb927,113
401430247,2022,3,2022-04-18,2022-04-18 22:00:00-04:00,3975,Stephen Curry,9,Warriors,Golden State,Warriors,23.0,12.0,17.0,5.0,10.0,5.0,7.0,0.0,3.0,3.0,4.0,1.0,1.0,2.0,3.0,+32,34.0,False,False,False,COACH'S DECISION,False,30,S. Curry,https://a.espncdn.com/i/headshots/nba/players/full/3975.png,Point Guard,PG,Golden State Warriors,s:40~l:46~t:9,golden-state-warriors,https://a.espncdn.com/i/teamlogos/nba/500/gs.png,GS,003da5,fdb927,home,True,126,7,Nuggets,Denver,Denver Nuggets,DEN,https://a.espncdn.com/i/teamlogos/nba/500/den.png,0860A8,fdb927,106
401429875,2022,3,2022-04-16,2022-04-16 20:30:00-04:00,3975,Stephen Curry,9,Warriors,Golden State,Warriors,22.0,5.0,13.0,3.0,6.0,3.0,3.0,2.0,1.0,3.0,4.0,1.0,0.0,1.0,1.0,+17,16.0,False,False,False,COACH'S DECISION,False,30,S. Curry,https://a.espncdn.com/i/headshots/nba/players/full/3975.png,Point Guard,PG,Golden State Warriors,s:40~l:46~t:9,golden-state-warriors,https://a.espncdn.com/i/teamlogos/nba/500/gs.png,GS,003da5,fdb927,home,True,123,7,Nuggets,Denver,Denver Nuggets,DEN,https://a.espncdn.com/i/teamlogos/nba/500/den.png,0860A8,fdb927,107
401360861,2022,2,2022-03-16,2022-03-16 22:00:00-04:00,3975,Stephen Curry,9,Warriors,Golden State,Warriors,14.0,1.0,4.0,1.0,4.0,0.0,0.0,0.0,1.0,1.0,2.0,0.0,0.0,4.0,2.0,-5,3.0,True,False,False,COACH'S DECISION,False,30,S. Curry,https://a.espncdn.com/i/headshots/nba/players/full/3975.png,Point Guard,PG,Golden State Warriors,s:40~l:46~t:9,golden-state-warriors,https://a.espncdn.com/i/teamlogos/nba/500/gs.png,GS,003da5,fdb927,home,False,88,2,Celtics,Boston,Boston Celtics,BOS,https://a.espncdn.com/i/teamlogos/nba/500/bos.png,006532,f1f2f3,110
401360844,2022,2,2022-03-14,2022-03-14 22:00:00-04:00,3975,Stephen Curry,9,Warriors,Golden State,Warriors,35.0,16.0,25.0,7.0,14.0,8.0,8.0,0.0,6.0,6.0,6.0,1.0,0.0,2.0,1.0,+17,47.0,True,False,False,COACH'S DECISION,False,30,S. Curry,https://a.espncdn.com/i/headshots/nba/players/full/3975.png,Point Guard,PG,Golden State Warriors,s:40~l:46~t:9,golden-state-warriors,https://a.espncdn.com/i/teamlogos/nba/500/gs.png,GS,003da5,fdb927,home,True,126,27,Wizards,Washington,Washington Wizards,WSH,https://a.espncdn.com/i/teamlogos/nba/500/wsh.png,0E3764,e31837,112
401360827,2022,2,2022-03-12,2022-03-12 20:30:00-05:00,3975,Stephen Curry,9,Warriors,Golden State,Warriors,33.0,3.0,7.0,2.0,4.0,0.0,0.0,1.0,4.0,5.0,8.0,1.0,1.0,4.0,1.0,+14,8.0,True,False,False,COACH'S DECISION,False,30,S. Curry,https://a.espncdn.com/i/headshots/nba/players/full/3975.png,Point Guard,PG,Golden State Warriors,s:40~l:46~t:9,golden-state-warriors,https://a.espncdn.com/i/teamlogos/nba/500/gs.png,GS,003da5,fdb927,home,True,122,15,Bucks,Milwaukee,Milwaukee Bucks,MIL,https://a.espncdn.com/i/teamlogos/nba/500/mil.png,003813,f0ebd2,109
401360813,2022,2,2022-03-10,2022-03-10 22:00:00-05:00,3975,Stephen Curry,9,Warriors,Golden State,Warriors,38.0,11.0,21.0,5.0,12.0,7.0,7.0,0.0,9.0,9.0,3.0,2.0,0.0,2.0,1.0,+18,34.0,True,False,False,COACH'S DECISION,True,30,S. Curry,https://a.espncdn.com/i/headshots/nba/players/full/3975.png,Point Guard,PG,Golden State Warriors,s:40~l:46~t:9,golden-state-warriors,https://a.espncdn.com/i/teamlogos/nba/500/gs.png,GS,003da5,fdb927,away,True,113,7,Nuggets,Denver,Denver Nuggets,DEN,https://a.espncdn.com/i/teamlogos/nba/500/den.png,0860A8,fdb927,102
401360799,2022,2,2022-03-08,2022-03-08 22:00:00-05:00,3975,Stephen Curry,9,Warriors,Golden State,Warriors,35.0,5.0,12.0,1.0,6.0,4.0,4.0,0.0,5.0,5.0,5.0,3.0,0.0,4.0,4.0,+6,15.0,True,False,False,COACH'S DECISION,False,30,S. Curry,https://a.espncdn.com/i/headshots/nba/players/full/3975.png,Point Guard,PG,Golden State Warriors,s:40~l:46~t:9,golden-state-warriors,https://a.espncdn.com/i/teamlogos/nba/500/gs.png,GS,003da5,fdb927,home,True,112,12,Clippers,LA,LA Clippers,LAC,https://a.espncdn.com/i/teamlogos/nba/500/lac.png,FA0028,f1f2f3,97
401360778,2022,2,2022-03-05,2022-03-05 20:30:00-05:00,3975,Stephen Curry,9,Warriors,Golden State,Warriors,36.0,13.0,22.0,4.0,9.0,0.0,0.0,0.0,4.0,4.0,1.0,0.0,0.0,4.0,0.0,-12,30.0,True,False,False,COACH'S DECISION,True,30,S. Curry,https://a.espncdn.com/i/headshots/nba/players/full/3975.png,Point Guard,PG,Golden State Warriors,s:40~l:46~t:9,golden-state-warriors,https://a.espncdn.com/i/teamlogos/nba/500/gs.png,GS,003da5,fdb927,away,False,116,13,Lakers,Los Angeles,Los Angeles Lakers,LAL,https://a.espncdn.com/i/teamlogos/nba/500/lal.png,542582,552582,124
401360762,2022,2,2022-03-03,2022-03-03 20:30:00-05:00,3975,Stephen Curry,9,Warriors,Golden State,Warriors,40.0,8.0,15.0,4.0,5.0,1.0,1.0,0.0,5.0,5.0,9.0,1.0,0.0,3.0,3.0,-8,21.0,True,False,False,COACH'S DECISION,True,30,S. Curry,https://a.espncdn.com/i/headshots/nba/players/full/3975.png,Point Guard,PG,Golden State Warriors,s:40~l:46~t:9,golden-state-warriors,https://a.espncdn.com/i/teamlogos/nba/500/gs.png,GS,003da5,fdb927,away,False,113,6,Mavericks,Dallas,Dallas Mavericks,DAL,https://a.espncdn.com/i/teamlogos/nba/500/dal.png,0C479D,c4ced3,122
401360749,2022,2,2022-03-01,2022-03-01 20:00:00-05:00,3975,Stephen Curry,9,Warriors,Golden State,Warriors,33.0,10.0,24.0,5.0,16.0,9.0,9.0,1.0,4.0,5.0,4.0,0.0,0.0,4.0,1.0,-10,34.0,True,False,False,COACH'S DECISION,False,30,S. Curry,https://a.espncdn.com/i/headshots/nba/players/full/3975.png,Point Guard,PG,Golden State Warriors,s:40~l:46~t:9,golden-state-warriors,https://a.espncdn.com/i/teamlogos/nba/500/gs.png,GS,003da5,fdb927,away,False,114,16,Timberwolves,Minnesota,Minnesota Timberwolves,MIN,https://a.espncdn.com/i/teamlogos/nba/500/min.png,0E3764,c4ced3,129
401360736,2022,2,2022-02-27,2022-02-27 19:30:00-05:00,3975,Stephen Curry,9,Warriors,Golden State,Warriors,38.0,11.0,25.0,3.0,10.0,2.0,4.0,1.0,3.0,4.0,10.0,2.0,0.0,1.0,0.0,-4,27.0,True,False,False,COACH'S DECISION,True,30,S. Curry,https://a.espncdn.com/i/headshots/nba/players/full/3975.png,Point Guard,PG,Golden State Warriors,s:40~l:46~t:9,golden-state-warriors,https://a.espncdn.com/i/teamlogos/nba/500/gs.png,GS,003da5,fdb927,home,False,101,6,Mavericks,Dallas,Dallas Mavericks,DAL,https://a.espncdn.com/i/teamlogos/nba/500/dal.png,0C479D,c4ced3,107
401360713,2022,2,2022-02-24,2022-02-24 22:00:00-05:00,3975,Stephen Curry,9,Warriors,Golden State,Warriors,27.0,5.0,11.0,2.0,7.0,6.0,6.0,0.0,5.0,5.0,14.0,1.0,1.0,3.0,3.0,+19,18.0,True,False,False,COACH'S DECISION,False,30,S. Curry,https://a.espncdn.com/i/headshots/nba/players/full/3975.png,Point Guard,PG,Golden State Warriors,s:40~l:46~t:9,golden-state-warriors,https://a.espncdn.com/i/teamlogos/nba/500/gs.png,GS,003da5,fdb927,away,True,132,22,Trail Blazers,Portland,Portland Trail Blazers,POR,https://a.espncdn.com/i/teamlogos/nba/500/por.png,000000,bac3c9,95
401410564,2022,2,2022-02-20,2022-02-20 20:00:00-05:00,3975,Stephen Curry,111353,Team LeBron,Team LeBron,Team LeBron,36.0,17.0,30.0,16.0,27.0,0.0,0.0,1.0,4.0,5.0,2.0,1.0,2.0,5.0,1.0,+1,50.0,True,False,False,COACH'S DECISION,True,30,S. Curry,https://a.espncdn.com/i/headshots/nba/players/full/3975.png,Point Guard,PG,Team LeBron,s:40~l:46~t:111353,team-lebron,https://a.espncdn.com/i/teamlogos/nba/500/leb.png,LEB,,,home,True,163,123554,Team Durant,Team Durant,Team Durant,DUR,https://a.espncdn.com/i/teamlogos/nba/500/dur.png,,,160
401360702,2022,2,2022-02-16,2022-02-16 22:00:00-05:00,3975,Stephen Curry,9,Warriors,Golden State,Warriors,39.0,10.0,19.0,1.0,7.0,4.0,4.0,0.0,3.0,3.0,6.0,0.0,0.0,2.0,2.0,-2,25.0,True,False,False,COACH'S DECISION,True,30,S. Curry,https://a.espncdn.com/i/headshots/nba/players/full/3975.png,Point Guard,PG,Golden State Warriors,s:40~l:46~t:9,golden-state-warriors,https://a.espncdn.com/i/teamlogos/nba/500/gs.png,GS,003da5,fdb927,home,False,116,7,Nuggets,Denver,Denver Nuggets,DEN,https://a.espncdn.com/i/teamlogos/nba/500/den.png,0860A8,fdb927,117
401360685,2022,2,2022-02-14,2022-02-14 22:30:00-05:00,3975,Stephen Curry,9,Warriors,Golden State,Warriors,34.0,11.0,18.0,8.0,13.0,3.0,3.0,0.0,2.0,2.0,2.0,0.0,0.0,4.0,2.0,-19,33.0,True,False,False,COACH'S DECISION,False,30,S. Curry,https://a.espncdn.com/i/headshots/nba/players/full/3975.png,Point Guard,PG,Golden State Warriors,s:40~l:46~t:9,golden-state-warriors,https://a.espncdn.com/i/teamlogos/nba/500/gs.png,GS,003da5,fdb927,away,False,104,12,Clippers,LA,LA Clippers,LAC,https://a.espncdn.com/i/teamlogos/nba/500/lac.png,FA0028,f1f2f3,119
401360673,2022,2,2022-02-12,2022-02-12 20:30:00-05:00,3975,Stephen Curry,9,Warriors,Golden State,Warriors,37.0,7.0,17.0,1.0,8.0,9.0,9.0,0.0,5.0,5.0,8.0,1.0,0.0,2.0,3.0,+8,24.0,True,False,False,COACH'S DECISION,True,30,S. Curry,https://a.espncdn.com/i/headshots/nba/players/full/3975.png,Point Guard,PG,Golden State Warriors,s:40~l:46~t:9,golden-state-warriors,https://a.espncdn.com/i/teamlogos/nba/500/gs.png,GS,003da5,fdb927,home,True,117,13,Lakers,Los Angeles,Los Angeles Lakers,LAL,https://a.espncdn.com/i/teamlogos/nba/500/lal.png,542582,552582,115
401360656,2022,2,2022-02-10,2022-02-10 22:00:00-05:00,3975,Stephen Curry,9,Warriors,Golden State,Warriors,39.0,11.0,25.0,5.0,16.0,8.0,8.0,0.0,2.0,2.0,10.0,1.0,0.0,3.0,5.0,+9,35.0,True,False,False,COACH'S DECISION,True,30,S. Curry,https://a.espncdn.com/i/headshots/nba/players/full/3975.png,Point Guard,PG,Golden State Warriors,s:40~l:46~t:9,golden-state-warriors,https://a.espncdn.com/i/teamlogos/nba/500/gs.png,GS,003da5,fdb927,home,False,114,18,Knicks,New York,New York Knicks,NY,https://a.espncdn.com/i/teamlogos/nba/500/ny.png,225EA8,f58426,116
401360647,2022,2,2022-02-09,2022-02-09 22:00:00-05:00,3975,Stephen Curry,9,Warriors,Golden State,Warriors,30.0,5.0,13.0,3.0,8.0,3.0,4.0,1.0,6.0,7.0,2.0,0.0,0.0,4.0,2.0,-14,16.0,True,False,False,COACH'S DECISION,False,30,S. Curry,https://a.espncdn.com/i/headshots/nba/players/full/3975.png,Point Guard,PG,Golden State Warriors,s:40~l:46~t:9,golden-state-warriors,https://a.espncdn.com/i/teamlogos/nba/500/gs.png,GS,003da5,fdb927,away,False,85,26,Jazz,Utah,Utah Jazz,UTAH,https://a.espncdn.com/i/teamlogos/nba/500/utah.png,06143F,fff21f,111
401360632,2022,2,2022-02-07,2022-02-07 20:00:00-05:00,3975,Stephen Curry,9,Warriors,Golden State,Warriors,37.0,6.0,12.0,4.0,10.0,2.0,2.0,0.0,9.0,9.0,10.0,1.0,0.0,4.0,2.0,+4,18.0,True,False,False,COACH'S DECISION,True,30,S. Curry,https://a.espncdn.com/i/headshots/nba/players/full/3975.png,Point Guard,PG,Golden State Warriors,s:40~l:46~t:9,golden-state-warriors,https://a.espncdn.com/i/teamlogos/nba/500/gs.png,GS,003da5,fdb927,away,True,110,25,Thunder,Oklahoma City,Oklahoma City Thunder,OKC,https://a.espncdn.com/i/teamlogos/nba/500/okc.png,C67C03,f05133,98
401360604,2022,2,2022-02-03,2022-02-03 22:00:00-05:00,3975,Stephen Curry,9,Warriors,Golden State,Warriors,32.0,7.0,11.0,4.0,7.0,2.0,2.0,0.0,1.0,1.0,7.0,2.0,0.0,4.0,4.0,+21,20.0,True,False,False,COACH'S DECISION,False,30,S. Curry,https://a.espncdn.com/i/headshots/nba/players/full/3975.png,Point Guard,PG,Golden State Warriors,s:40~l:46~t:9,golden-state-warriors,https://a.espncdn.com/i/teamlogos/nba/500/gs.png,GS,003da5,fdb927,home,True,126,23,Kings,Sacramento,Sacramento Kings,SAC,https://a.espncdn.com/i/teamlogos/nba/500/sac.png,393996,8e9090,114
401360583,2022,2,2022-01-31,2022-01-31 20:00:00-05:00,3975,Stephen Curry,9,Warriors,Golden State,Warriors,38.0,13.0,23.0,7.0,14.0,7.0,8.0,0.0,5.0,5.0,9.0,1.0,1.0,1.0,0.0,+18,40.0,True,False,False,COACH'S DECISION,False,30,S. Curry,https://a.espncdn.com/i/headshots/nba/players/full/3975.png,Point Guard,PG,Golden State Warriors,s:40~l:46~t:9,golden-state-warriors,https://a.espncdn.com/i/teamlogos/nba/500/gs.png,GS,003da5,fdb927,away,True,122,10,Rockets,Houston,Houston Rockets,HOU,https://a.espncdn.com/i/teamlogos/nba/500/hou.png,D40026,c4ced3,108
401360569,2022,2,2022-01-29,2022-01-29 20:30:00-05:00,3975,Stephen Curry,9,Warriors,Golden State,Warriors,36.0,5.0,18.0,3.0,10.0,6.0,6.0,2.0,5.0,7.0,8.0,3.0,0.0,5.0,5.0,-3,19.0,True,False,False,COACH'S DECISION,False,30,S. Curry,https://a.espncdn.com/i/headshots/nba/players/full/3975.png,Point Guard,PG,Golden State Warriors,s:40~l:46~t:9,golden-state-warriors,https://a.espncdn.com/i/teamlogos/nba/500/gs.png,GS,003da5,fdb927,home,True,110,17,Nets,Brooklyn,Brooklyn Nets,BKN,https://a.espncdn.com/i/teamlogos/nba/500/bkn.png,000000,ffffff,106
401360553,2022,2,2022-01-27,2022-01-27 22:00:00-05:00,3975,Stephen Curry,9,Warriors,Golden State,Warriors,38.0,10.0,20.0,6.0,10.0,3.0,3.0,0.0,8.0,8.0,6.0,3.0,0.0,4.0,1.0,+13,29.0,True,False,False,COACH'S DECISION,True,30,S. Curry,https://a.espncdn.com/i/headshots/nba/players/full/3975.png,Point Guard,PG,Golden State Warriors,s:40~l:46~t:9,golden-state-warriors,https://a.espncdn.com/i/teamlogos/nba/500/gs.png,GS,003da5,fdb927,home,True,124,16,Timberwolves,Minnesota,Minnesota Timberwolves,MIN,https://a.espncdn.com/i/teamlogos/nba/500/min.png,0E3764,c4ced3,115
401360539,2022,2,2022-01-25,2022-01-25 22:00:00-05:00,3975,Stephen Curry,9,Warriors,Golden State,Warriors,29.0,7.0,16.0,2.0,10.0,2.0,3.0,2.0,7.0,9.0,7.0,1.0,0.0,4.0,3.0,+23,18.0,True,False,False,COACH'S DECISION,False,30,S. Curry,https://a.espncdn.com/i/headshots/nba/players/full/3975.png,Point Guard,PG,Golden State Warriors,s:40~l:46~t:9,golden-state-warriors,https://a.espncdn.com/i/teamlogos/nba/500/gs.png,GS,003da5,fdb927,home,True,130,6,Mavericks,Dallas,Dallas Mavericks,DAL,https://a.espncdn.com/i/teamlogos/nba/500/dal.png,0C479D,c4ced3,92
401360527,2022,2,2022-01-23,2022-01-23 20:30:00-05:00,3975,Stephen Curry,9,Warriors,Golden State,Warriors,35.0,5.0,20.0,1.0,13.0,2.0,2.0,2.0,2.0,4.0,6.0,0.0,0.0,1.0,0.0,-5,13.0,True,False,False,COACH'S DECISION,True,30,S. Curry,https://a.espncdn.com/i/headshots/nba/players/full/3975.png,Point Guard,PG,Golden State Warriors,s:40~l:46~t:9,golden-state-warriors,https://a.espncdn.com/i/teamlogos/nba/500/gs.png,GS,003da5,fdb927,home,True,94,26,Jazz,Utah,Utah Jazz,UTAH,https://a.espncdn.com/i/teamlogos/nba/500/utah.png,06143F,fff21f,92
401360513,2022,2,2022-01-21,2022-01-21 22:00:00-05:00,3975,Stephen Curry,9,Warriors,Golden State,Warriors,39.0,6.0,21.0,4.0,13.0,6.0,8.0,0.0,4.0,4.0,12.0,1.0,1.0,2.0,3.0,+2,22.0,True,False,False,COACH'S DECISION,True,30,S. Curry,https://a.espncdn.com/i/headshots/nba/players/full/3975.png,Point Guard,PG,Golden State Warriors,s:40~l:46~t:9,golden-state-warriors,https://a.espncdn.com/i/teamlogos/nba/500/gs.png,GS,003da5,fdb927,home,True,105,10,Rockets,Houston,Houston Rockets,HOU,https://a.espncdn.com/i/teamlogos/nba/500/hou.png,D40026,c4ced3,103
401360502,2022,2,2022-01-20,2022-01-20 22:00:00-05:00,3975,Stephen Curry,9,Warriors,Golden State,Warriors,44.0,12.0,27.0,6.0,16.0,9.0,9.0,0.0,5.0,5.0,8.0,1.0,0.0,2.0,3.0,-4,39.0,True,False,False,COACH'S DECISION,True,30,S. Curry,https://a.espncdn.com/i/headshots/nba/players/full/3975.png,Point Guard,PG,Golden State Warriors,s:40~l:46~t:9,golden-state-warriors,https://a.espncdn.com/i/teamlogos/nba/500/gs.png,GS,003da5,fdb927,home,False,117,11,Pacers,Indiana,Indiana Pacers,IND,https://a.espncdn.com/i/teamlogos/nba/500/ind.png,061642,00275d,121
401360486,2022,2,2022-01-18,2022-01-18 22:00:00-05:00,3975,Stephen Curry,9,Warriors,Golden State,Warriors,29.0,6.0,11.0,4.0,8.0,2.0,2.0,0.0,3.0,3.0,8.0,3.0,0.0,1.0,1.0,+21,18.0,True,False,False,COACH'S DECISION,False,30,S. Curry,https://a.espncdn.com/i/headshots/nba/players/full/3975.png,Point Guard,PG,Golden State Warriors,s:40~l:46~t:9,golden-state-warriors,https://a.espncdn.com/i/teamlogos/nba/500/gs.png,GS,003da5,fdb927,home,True,102,8,Pistons,Detroit,Detroit Pistons,DET,https://a.espncdn.com/i/teamlogos/nba/500/det.png,FA002C,006bb6,86
401360456,2022,2,2022-01-14,2022-01-14 19:30:00-05:00,3975,Stephen Curry,9,Warriors,Golden State,Warriors,28.0,7.0,15.0,4.0,10.0,1.0,2.0,0.0,2.0,2.0,2.0,1.0,0.0,1.0,0.0,+24,19.0,True,False,False,COACH'S DECISION,False,30,S. Curry,https://a.espncdn.com/i/headshots/nba/players/full/3975.png,Point Guard,PG,Golden State Warriors,s:40~l:46~t:9,golden-state-warriors,https://a.espncdn.com/i/teamlogos/nba/500/gs.png,GS,003da5,fdb927,away,True,138,4,Bulls,Chicago,Chicago Bulls,CHI,https://a.espncdn.com/i/teamlogos/nba/500/chi.png,000000,000000,96
401360446,2022,2,2022-01-13,2022-01-13 19:30:00-05:00,3975,Stephen Curry,9,Warriors,Golden State,Warriors,29.0,4.0,11.0,2.0,6.0,2.0,2.0,0.0,8.0,8.0,4.0,2.0,0.0,4.0,0.0,-25,12.0,True,False,False,COACH'S DECISION,False,30,S. Curry,https://a.espncdn.com/i/headshots/nba/players/full/3975.png,Point Guard,PG,Golden State Warriors,s:40~l:46~t:9,golden-state-warriors,https://a.espncdn.com/i/teamlogos/nba/500/gs.png,GS,003da5,fdb927,away,False,99,15,Bucks,Milwaukee,Milwaukee Bucks,MIL,https://a.espncdn.com/i/teamlogos/nba/500/mil.png,003813,f0ebd2,118
401360433,2022,2,2022-01-11,2022-01-11 20:00:00-05:00,3975,Stephen Curry,9,Warriors,Golden State,Warriors,39.0,8.0,21.0,2.0,9.0,9.0,10.0,1.0,9.0,10.0,10.0,2.0,0.0,3.0,3.0,-1,27.0,True,False,False,COACH'S DECISION,True,30,S. Curry,https://a.espncdn.com/i/headshots/nba/players/full/3975.png,Point Guard,PG,Golden State Warriors,s:40~l:46~t:9,golden-state-warriors,https://a.espncdn.com/i/teamlogos/nba/500/gs.png,GS,003da5,fdb927,away,False,108,29,Grizzlies,Memphis,Memphis Grizzlies,MEM,https://a.espncdn.com/i/teamlogos/nba/500/mem.png,5D76A8,7399c6,116
401360423,2022,2,2022-01-09,2022-01-09 20:30:00-05:00,3975,Stephen Curry,9,Warriors,Golden State,Warriors,37.0,10.0,21.0,4.0,11.0,4.0,4.0,3.0,2.0,5.0,5.0,1.0,0.0,5.0,3.0,+23,28.0,True,False,False,COACH'S DECISION,True,30,S. Curry,https://a.espncdn.com/i/headshots/nba/players/full/3975.png,Point Guard,PG,Golden State Warriors,s:40~l:46~t:9,golden-state-warriors,https://a.espncdn.com/i/teamlogos/nba/500/gs.png,GS,003da5,fdb927,home,True,96,5,Cavaliers,Cleveland,Cleveland Cavaliers,CLE,https://a.espncdn.com/i/teamlogos/nba/500/cle.png,061642,fdbb30,82
401360391,2022,2,2022-01-05,2022-01-05 19:30:00-05:00,3975,Stephen Curry,9,Warriors,Golden State,Warriors,36.0,5.0,24.0,1.0,9.0,3.0,4.0,0.0,9.0,9.0,5.0,0.0,1.0,5.0,2.0,0,14.0,True,False,False,COACH'S DECISION,False,30,S. Curry,https://a.espncdn.com/i/headshots/nba/players/full/3975.png,Point Guard,PG,Golden State Warriors,s:40~l:46~t:9,golden-state-warriors,https://a.espncdn.com/i/teamlogos/nba/500/gs.png,GS,003da5,fdb927,away,False,82,6,Mavericks,Dallas,Dallas Mavericks,DAL,https://a.espncdn.com/i/teamlogos/nba/500/dal.png,0C479D,c4ced3,99
401360378,2022,2,2022-01-03,2022-01-03 22:00:00-05:00,3975,Stephen Curry,9,Warriors,Golden State,Warriors,32.0,3.0,17.0,1.0,10.0,2.0,2.0,0.0,3.0,3.0,10.0,0.0,1.0,2.0,3.0,0,9.0,True,False,False,COACH'S DECISION,False,30,S. Curry,https://a.espncdn.com/i/headshots/nba/players/full/3975.png,Point Guard,PG,Golden State Warriors,s:40~l:46~t:9,golden-state-warriors,https://a.espncdn.com/i/teamlogos/nba/500/gs.png,GS,003da5,fdb927,home,True,115,14,Heat,Miami,Miami Heat,MIA,https://a.espncdn.com/i/teamlogos/nba/500/mia.png,000000,000000,108
401360363,2022,2,2022-01-01,2022-01-01 21:00:00-05:00,3975,Stephen Curry,9,Warriors,Golden State,Warriors,36.0,8.0,18.0,6.0,12.0,6.0,7.0,0.0,6.0,6.0,9.0,0.0,1.0,3.0,3.0,+4,28.0,True,False,False,COACH'S DECISION,True,30,S. Curry,https://a.espncdn.com/i/headshots/nba/players/full/3975.png,Point Guard,PG,Golden State Warriors,s:40~l:46~t:9,golden-state-warriors,https://a.espncdn.com/i/teamlogos/nba/500/gs.png,GS,003da5,fdb927,away,True,123,26,Jazz,Utah,Utah Jazz,UTAH,https://a.espncdn.com/i/teamlogos/nba/500/utah.png,06143F,fff21f,116
401360333,2022,2,2021-12-28,2021-12-28 22:00:00-05:00,3975,Stephen Curry,9,Warriors,Golden State,Warriors,39.0,6.0,16.0,5.0,14.0,6.0,7.0,0.0,4.0,4.0,4.0,0.0,0.0,6.0,3.0,+5,23.0,True,False,False,COACH'S DECISION,True,30,S. Curry,https://a.espncdn.com/i/headshots/nba/players/full/3975.png,Point Guard,PG,Golden State Warriors,s:40~l:46~t:9,golden-state-warriors,https://a.espncdn.com/i/teamlogos/nba/500/gs.png,GS,003da5,fdb927,home,False,86,7,Nuggets,Denver,Denver Nuggets,DEN,https://a.espncdn.com/i/teamlogos/nba/500/den.png,0860A8,fdb927,89
401358783,2022,2,2021-12-25,2021-12-25 17:00:00-05:00,3975,Stephen Curry,9,Warriors,Golden State,Warriors,37.0,10.0,27.0,5.0,16.0,8.0,9.0,0.0,4.0,4.0,6.0,3.0,1.0,1.0,3.0,+24,33.0,True,False,False,COACH'S DECISION,True,30,S. Curry,https://a.espncdn.com/i/headshots/nba/players/full/3975.png,Point Guard,PG,Golden State Warriors,s:40~l:46~t:9,golden-state-warriors,https://a.espncdn.com/i/teamlogos/nba/500/gs.png,GS,003da5,fdb927,away,True,116,21,Suns,Phoenix,Phoenix Suns,PHX,https://a.espncdn.com/i/teamlogos/nba/500/phx.png,23006a,f1f2f3,107
401360309,2022,2,2021-12-23,2021-12-23 22:00:00-05:00,3975,Stephen Curry,9,Warriors,Golden State,Warriors,37.0,13.0,22.0,8.0,14.0,12.0,12.0,0.0,4.0,4.0,4.0,2.0,0.0,3.0,1.0,+15,46.0,True,False,False,COACH'S DECISION,True,30,S. Curry,https://a.espncdn.com/i/headshots/nba/players/full/3975.png,Point Guard,PG,Golden State Warriors,s:40~l:46~t:9,golden-state-warriors,https://a.espncdn.com/i/teamlogos/nba/500/gs.png,GS,003da5,fdb927,home,True,113,29,Grizzlies,Memphis,Memphis Grizzlies,MEM,https://a.espncdn.com/i/teamlogos/nba/500/mem.png,5D76A8,7399c6,104
401360286,2022,2,2021-12-20,2021-12-20 22:00:00-05:00,3975,Stephen Curry,9,Warriors,Golden State,Warriors,36.0,13.0,27.0,4.0,12.0,0.0,1.0,0.0,3.0,3.0,4.0,0.0,2.0,4.0,1.0,+16,30.0,True,False,False,COACH'S DECISION,False,30,S. Curry,https://a.espncdn.com/i/headshots/nba/players/full/3975.png,Point Guard,PG,Golden State Warriors,s:40~l:46~t:9,golden-state-warriors,https://a.espncdn.com/i/teamlogos/nba/500/gs.png,GS,003da5,fdb927,home,True,113,23,Kings,Sacramento,Sacramento Kings,SAC,https://a.espncdn.com/i/teamlogos/nba/500/sac.png,393996,8e9090,98
401360259,2022,2,2021-12-17,2021-12-17 19:30:00-05:00,3975,Stephen Curry,9,Warriors,Golden State,Warriors,35.0,8.0,21.0,5.0,14.0,9.0,9.0,1.0,4.0,5.0,4.0,1.0,0.0,6.0,6.0,-10,30.0,True,False,False,COACH'S DECISION,False,30,S. Curry,https://a.espncdn.com/i/headshots/nba/players/full/3975.png,Point Guard,PG,Golden State Warriors,s:40~l:46~t:9,golden-state-warriors,https://a.espncdn.com/i/teamlogos/nba/500/gs.png,GS,003da5,fdb927,away,True,111,2,Celtics,Boston,Boston Celtics,BOS,https://a.espncdn.com/i/teamlogos/nba/500/bos.png,006532,f1f2f3,107
401360238,2022,2,2021-12-14,2021-12-14 19:30:00-05:00,3975,Stephen Curry,9,Warriors,Golden State,Warriors,35.0,8.0,19.0,5.0,14.0,1.0,2.0,0.0,3.0,3.0,3.0,1.0,1.0,4.0,4.0,+13,22.0,True,False,False,COACH'S DECISION,True,30,S. Curry,https://a.espncdn.com/i/headshots/nba/players/full/3975.png,Point Guard,PG,Golden State Warriors,s:40~l:46~t:9,golden-state-warriors,https://a.espncdn.com/i/teamlogos/nba/500/gs.png,GS,003da5,fdb927,away,True,105,18,Knicks,New York,New York Knicks,NY,https://a.espncdn.com/i/teamlogos/nba/500/ny.png,225EA8,f58426,96
401360229,2022,2,2021-12-13,2021-12-13 19:00:00-05:00,3975,Stephen Curry,9,Warriors,Golden State,Warriors,35.0,8.0,20.0,5.0,15.0,5.0,5.0,1.0,5.0,6.0,6.0,1.0,1.0,7.0,1.0,+17,26.0,True,False,False,COACH'S DECISION,True,30,S. Curry,https://a.espncdn.com/i/headshots/nba/players/full/3975.png,Point Guard,PG,Golden State Warriors,s:40~l:46~t:9,golden-state-warriors,https://a.espncdn.com/i/teamlogos/nba/500/gs.png,GS,003da5,fdb927,away,True,102,11,Pacers,Indiana,Indiana Pacers,IND,https://a.espncdn.com/i/teamlogos/nba/500/ind.png,061642,00275d,100
401360220,2022,2,2021-12-11,2021-12-11 20:30:00-05:00,3975,Stephen Curry,9,Warriors,Golden State,Warriors,36.0,6.0,20.0,3.0,14.0,3.0,4.0,2.0,7.0,9.0,5.0,0.0,0.0,3.0,1.0,-9,18.0,True,False,False,COACH'S DECISION,False,30,S. Curry,https://a.espncdn.com/i/headshots/nba/players/full/3975.png,Point Guard,PG,Golden State Warriors,s:40~l:46~t:9,golden-state-warriors,https://a.espncdn.com/i/teamlogos/nba/500/gs.png,GS,003da5,fdb927,away,False,93,20,76ers,Philadelphia,Philadelphia 76ers,PHI,https://a.espncdn.com/i/teamlogos/nba/500/phi.png,000000,f1f2f3,102
401360200,2022,2,2021-12-08,2021-12-08 22:00:00-05:00,3975,Stephen Curry,9,Warriors,Golden State,Warriors,33.0,8.0,19.0,6.0,17.0,0.0,0.0,2.0,0.0,2.0,2.0,1.0,0.0,4.0,3.0,+16,22.0,True,False,False,COACH'S DECISION,True,30,S. Curry,https://a.espncdn.com/i/headshots/nba/players/full/3975.png,Point Guard,PG,Golden State Warriors,s:40~l:46~t:9,golden-state-warriors,https://a.espncdn.com/i/teamlogos/nba/500/gs.png,GS,003da5,fdb927,home,True,104,22,Trail Blazers,Portland,Portland Trail Blazers,POR,https://a.espncdn.com/i/teamlogos/nba/500/por.png,000000,bac3c9,94
401360185,2022,2,2021-12-06,2021-12-06 22:00:00-05:00,3975,Stephen Curry,9,Warriors,Golden State,Warriors,31.0,8.0,16.0,7.0,13.0,8.0,8.0,0.0,3.0,3.0,8.0,2.0,0.0,3.0,2.0,+9,31.0,True,False,False,COACH'S DECISION,False,30,S. Curry,https://a.espncdn.com/i/headshots/nba/players/full/3975.png,Point Guard,PG,Golden State Warriors,s:40~l:46~t:9,golden-state-warriors,https://a.espncdn.com/i/teamlogos/nba/500/gs.png,GS,003da5,fdb927,home,True,126,19,Magic,Orlando,Orlando Magic,ORL,https://a.espncdn.com/i/teamlogos/nba/500/orl.png,0860A8,c4ced3,95
401360170,2022,2,2021-12-04,2021-12-04 20:30:00-05:00,3975,Stephen Curry,9,Warriors,Golden State,Warriors,37.0,7.0,28.0,5.0,17.0,8.0,9.0,1.0,7.0,8.0,5.0,3.0,0.0,1.0,1.0,+3,27.0,True,False,False,COACH'S DECISION,True,30,S. Curry,https://a.espncdn.com/i/headshots/nba/players/full/3975.png,Point Guard,PG,Golden State Warriors,s:40~l:46~t:9,golden-state-warriors,https://a.espncdn.com/i/teamlogos/nba/500/gs.png,GS,003da5,fdb927,home,False,107,24,Spurs,San Antonio,San Antonio Spurs,SA,https://a.espncdn.com/i/teamlogos/nba/500/sa.png,000000,061922,112
401360164,2022,2,2021-12-03,2021-12-03 22:00:00-05:00,3975,Stephen Curry,9,Warriors,Golden State,Warriors,33.0,8.0,20.0,6.0,11.0,1.0,2.0,2.0,3.0,5.0,5.0,0.0,0.0,3.0,2.0,+10,23.0,True,False,False,COACH'S DECISION,False,30,S. Curry,https://a.espncdn.com/i/headshots/nba/players/full/3975.png,Point Guard,PG,Golden State Warriors,s:40~l:46~t:9,golden-state-warriors,https://a.espncdn.com/i/teamlogos/nba/500/gs.png,GS,003da5,fdb927,home,True,118,21,Suns,Phoenix,Phoenix Suns,PHX,https://a.espncdn.com/i/teamlogos/nba/500/phx.png,23006a,f1f2f3,96
401360140,2022,2,2021-11-30,2021-11-30 22:00:00-05:00,3975,Stephen Curry,9,Warriors,Golden State,Warriors,36.0,4.0,21.0,3.0,14.0,1.0,1.0,1.0,2.0,3.0,2.0,1.0,1.0,2.0,0.0,-17,12.0,True,False,False,COACH'S DECISION,True,30,S. Curry,https://a.espncdn.com/i/headshots/nba/players/full/3975.png,Point Guard,PG,Golden State Warriors,s:40~l:46~t:9,golden-state-warriors,https://a.espncdn.com/i/teamlogos/nba/500/gs.png,GS,003da5,fdb927,away,False,96,21,Suns,Phoenix,Phoenix Suns,PHX,https://a.espncdn.com/i/teamlogos/nba/500/phx.png,23006a,f1f2f3,104
401360124,2022,2,2021-11-28,2021-11-28 15:30:00-05:00,3975,Stephen Curry,9,Warriors,Golden State,Warriors,35.0,12.0,22.0,7.0,13.0,2.0,2.0,0.0,5.0,5.0,6.0,6.0,0.0,3.0,4.0,+14,33.0,True,False,False,COACH'S DECISION,False,30,S. Curry,https://a.espncdn.com/i/headshots/nba/players/full/3975.png,Point Guard,PG,Golden State Warriors,s:40~l:46~t:9,golden-state-warriors,https://a.espncdn.com/i/teamlogos/nba/500/gs.png,GS,003da5,fdb927,away,True,105,12,Clippers,LA,LA Clippers,LAC,https://a.espncdn.com/i/teamlogos/nba/500/lac.png,FA0028,f1f2f3,90
401360114,2022,2,2021-11-26,2021-11-26 22:00:00-05:00,3975,Stephen Curry,9,Warriors,Golden State,Warriors,38.0,12.0,25.0,6.0,15.0,2.0,3.0,0.0,7.0,7.0,8.0,1.0,0.0,3.0,2.0,+18,32.0,True,False,False,COACH'S DECISION,True,30,S. Curry,https://a.espncdn.com/i/headshots/nba/players/full/3975.png,Point Guard,PG,Golden State Warriors,s:40~l:46~t:9,golden-state-warriors,https://a.espncdn.com/i/teamlogos/nba/500/gs.png,GS,003da5,fdb927,home,True,118,22,Trail Blazers,Portland,Portland Trail Blazers,POR,https://a.espncdn.com/i/teamlogos/nba/500/por.png,000000,bac3c9,103
401360102,2022,2,2021-11-24,2021-11-24 22:00:00-05:00,3975,Stephen Curry,9,Warriors,Golden State,Warriors,35.0,9.0,16.0,6.0,11.0,1.0,2.0,0.0,4.0,4.0,10.0,1.0,0.0,4.0,1.0,+29,25.0,True,False,False,COACH'S DECISION,True,30,S. Curry,https://a.espncdn.com/i/headshots/nba/players/full/3975.png,Point Guard,PG,Golden State Warriors,s:40~l:46~t:9,golden-state-warriors,https://a.espncdn.com/i/teamlogos/nba/500/gs.png,GS,003da5,fdb927,home,True,116,20,76ers,Philadelphia,Philadelphia 76ers,PHI,https://a.espncdn.com/i/teamlogos/nba/500/phi.png,000000,f1f2f3,96
401360076,2022,2,2021-11-21,2021-11-21 20:30:00-05:00,3975,Stephen Curry,9,Warriors,Golden State,Warriors,37.0,2.0,10.0,1.0,6.0,7.0,7.0,0.0,2.0,2.0,8.0,1.0,0.0,4.0,1.0,+19,12.0,True,False,False,COACH'S DECISION,False,30,S. Curry,https://a.espncdn.com/i/headshots/nba/players/full/3975.png,Point Guard,PG,Golden State Warriors,s:40~l:46~t:9,golden-state-warriors,https://a.espncdn.com/i/teamlogos/nba/500/gs.png,GS,003da5,fdb927,home,True,119,28,Raptors,Toronto,Toronto Raptors,TOR,https://a.espncdn.com/i/teamlogos/nba/500/tor.png,CE0F41,061922,104
401360048,2022,2,2021-11-18,2021-11-18 19:30:00-05:00,3975,Stephen Curry,9,Warriors,Golden State,Warriors,35.0,15.0,27.0,9.0,16.0,1.0,1.0,0.0,4.0,4.0,6.0,2.0,0.0,3.0,4.0,+10,40.0,True,False,False,COACH'S DECISION,False,30,S. Curry,https://a.espncdn.com/i/headshots/nba/players/full/3975.png,Point Guard,PG,Golden State Warriors,s:40~l:46~t:9,golden-state-warriors,https://a.espncdn.com/i/teamlogos/nba/500/gs.png,GS,003da5,fdb927,away,True,104,5,Cavaliers,Cleveland,Cleveland Cavaliers,CLE,https://a.espncdn.com/i/teamlogos/nba/500/cle.png,061642,fdbb30,89
401360034,2022,2,2021-11-16,2021-11-16 19:30:00-05:00,3975,Stephen Curry,9,Warriors,Golden State,Warriors,29.0,12.0,19.0,9.0,14.0,4.0,4.0,0.0,7.0,7.0,5.0,2.0,1.0,2.0,4.0,+16,37.0,True,False,False,COACH'S DECISION,False,30,S. Curry,https://a.espncdn.com/i/headshots/nba/players/full/3975.png,Point Guard,PG,Golden State Warriors,s:40~l:46~t:9,golden-state-warriors,https://a.espncdn.com/i/teamlogos/nba/500/gs.png,GS,003da5,fdb927,away,True,117,17,Nets,Brooklyn,Brooklyn Nets,BKN,https://a.espncdn.com/i/teamlogos/nba/500/bkn.png,000000,ffffff,99
401360018,2022,2,2021-11-14,2021-11-14 19:00:00-05:00,3975,Stephen Curry,9,Warriors,Golden State,Warriors,36.0,7.0,22.0,3.0,13.0,7.0,7.0,1.0,5.0,6.0,10.0,3.0,1.0,3.0,2.0,+14,24.0,True,False,False,COACH'S DECISION,True,30,S. Curry,https://a.espncdn.com/i/headshots/nba/players/full/3975.png,Point Guard,PG,Golden State Warriors,s:40~l:46~t:9,golden-state-warriors,https://a.espncdn.com/i/teamlogos/nba/500/gs.png,GS,003da5,fdb927,away,False,102,30,Hornets,Charlotte,Charlotte Hornets,CHA,https://a.espncdn.com/i/teamlogos/nba/500/cha.png,1D1060,008ca8,106
401360007,2022,2,2021-11-12,2021-11-12 22:00:00-05:00,3975,Stephen Curry,9,Warriors,Golden State,Warriors,34.0,15.0,24.0,9.0,17.0,1.0,1.0,0.0,4.0,4.0,5.0,1.0,1.0,6.0,1.0,+31,40.0,True,False,False,COACH'S DECISION,False,30,S. Curry,https://a.espncdn.com/i/headshots/nba/players/full/3975.png,Point Guard,PG,Golden State Warriors,s:40~l:46~t:9,golden-state-warriors,https://a.espncdn.com/i/teamlogos/nba/500/gs.png,GS,003da5,fdb927,home,True,119,4,Bulls,Chicago,Chicago Bulls,CHI,https://a.espncdn.com/i/teamlogos/nba/500/chi.png,000000,000000,93
401359993,2022,2,2021-11-10,2021-11-10 22:00:00-05:00,3975,Stephen Curry,9,Warriors,Golden State,Warriors,34.0,8.0,16.0,3.0,9.0,6.0,8.0,0.0,5.0,5.0,6.0,1.0,0.0,3.0,2.0,+11,25.0,True,False,False,COACH'S DECISION,False,30,S. Curry,https://a.espncdn.com/i/headshots/nba/players/full/3975.png,Point Guard,PG,Golden State Warriors,s:40~l:46~t:9,golden-state-warriors,https://a.espncdn.com/i/teamlogos/nba/500/gs.png,GS,003da5,fdb927,home,True,123,16,Timberwolves,Minnesota,Minnesota Timberwolves,MIN,https://a.espncdn.com/i/teamlogos/nba/500/min.png,0E3764,c4ced3,110
401359976,2022,2,2021-11-08,2021-11-08 22:00:00-05:00,3975,Stephen Curry,9,Warriors,Golden State,Warriors,35.0,14.0,28.0,9.0,19.0,13.0,13.0,2.0,5.0,7.0,10.0,4.0,1.0,2.0,0.0,+31,50.0,True,False,False,COACH'S DECISION,False,30,S. Curry,https://a.espncdn.com/i/headshots/nba/players/full/3975.png,Point Guard,PG,Golden State Warriors,s:40~l:46~t:9,golden-state-warriors,https://a.espncdn.com/i/teamlogos/nba/500/gs.png,GS,003da5,fdb927,home,True,127,1,Hawks,Atlanta,Atlanta Hawks,ATL,https://a.espncdn.com/i/teamlogos/nba/500/atl.png,002B5C,000000,113
401359969,2022,2,2021-11-07,2021-11-07 20:30:00-05:00,3975,Stephen Curry,9,Warriors,Golden State,Warriors,27.0,8.0,16.0,4.0,11.0,0.0,0.0,2.0,1.0,3.0,2.0,3.0,0.0,0.0,3.0,+16,20.0,True,False,False,COACH'S DECISION,False,30,S. Curry,https://a.espncdn.com/i/headshots/nba/players/full/3975.png,Point Guard,PG,Golden State Warriors,s:40~l:46~t:9,golden-state-warriors,https://a.espncdn.com/i/teamlogos/nba/500/gs.png,GS,003da5,fdb927,home,True,120,10,Rockets,Houston,Houston Rockets,HOU,https://a.espncdn.com/i/teamlogos/nba/500/hou.png,D40026,c4ced3,107
401359954,2022,2,2021-11-05,2021-11-05 22:00:00-04:00,3975,Stephen Curry,9,Warriors,Golden State,Warriors,30.0,5.0,16.0,5.0,13.0,4.0,4.0,0.0,3.0,3.0,6.0,0.0,2.0,1.0,1.0,+17,19.0,True,False,False,COACH'S DECISION,False,30,S. Curry,https://a.espncdn.com/i/headshots/nba/players/full/3975.png,Point Guard,PG,Golden State Warriors,s:40~l:46~t:9,golden-state-warriors,https://a.espncdn.com/i/teamlogos/nba/500/gs.png,GS,003da5,fdb927,home,True,126,3,Pelicans,New Orleans,New Orleans Pelicans,NO,https://a.espncdn.com/i/teamlogos/nba/500/no.png,002a5c,b4975a,85
401359941,2022,2,2021-11-03,2021-11-03 22:00:00-04:00,3975,Stephen Curry,9,Warriors,Golden State,Warriors,35.0,6.0,15.0,3.0,11.0,0.0,0.0,1.0,7.0,8.0,9.0,1.0,1.0,4.0,3.0,-1,15.0,True,False,False,COACH'S DECISION,False,30,S. Curry,https://a.espncdn.com/i/headshots/nba/players/full/3975.png,Point Guard,PG,Golden State Warriors,s:40~l:46~t:9,golden-state-warriors,https://a.espncdn.com/i/teamlogos/nba/500/gs.png,GS,003da5,fdb927,home,True,114,30,Hornets,Charlotte,Charlotte Hornets,CHA,https://a.espncdn.com/i/teamlogos/nba/500/cha.png,1D1060,008ca8,92
401359910,2022,2,2021-10-30,2021-10-30 20:30:00-04:00,3975,Stephen Curry,9,Warriors,Golden State,Warriors,27.0,7.0,16.0,6.0,15.0,0.0,0.0,0.0,5.0,5.0,6.0,1.0,1.0,2.0,1.0,+17,20.0,True,False,False,COACH'S DECISION,False,30,S. Curry,https://a.espncdn.com/i/headshots/nba/players/full/3975.png,Point Guard,PG,Golden State Warriors,s:40~l:46~t:9,golden-state-warriors,https://a.espncdn.com/i/teamlogos/nba/500/gs.png,GS,003da5,fdb927,home,True,103,25,Thunder,Oklahoma City,Oklahoma City Thunder,OKC,https://a.espncdn.com/i/teamlogos/nba/500/okc.png,C67C03,f05133,82
401359894,2022,2,2021-10-28,2021-10-28 22:00:00-04:00,3975,Stephen Curry,9,Warriors,Golden State,Warriors,41.0,11.0,29.0,7.0,20.0,7.0,7.0,1.0,6.0,7.0,8.0,1.0,0.0,5.0,2.0,+12,36.0,True,False,False,COACH'S DECISION,True,30,S. Curry,https://a.espncdn.com/i/headshots/nba/players/full/3975.png,Point Guard,PG,Golden State Warriors,s:40~l:46~t:9,golden-state-warriors,https://a.espncdn.com/i/teamlogos/nba/500/gs.png,GS,003da5,fdb927,home,False,101,29,Grizzlies,Memphis,Memphis Grizzlies,MEM,https://a.espncdn.com/i/teamlogos/nba/500/mem.png,5D76A8,7399c6,104
401359875,2022,2,2021-10-26,2021-10-26 20:00:00-04:00,3975,Stephen Curry,9,Warriors,Golden State,Warriors,32.0,6.0,14.0,4.0,9.0,7.0,7.0,1.0,5.0,6.0,4.0,0.0,1.0,4.0,1.0,+15,23.0,True,False,False,COACH'S DECISION,False,30,S. Curry,https://a.espncdn.com/i/headshots/nba/players/full/3975.png,Point Guard,PG,Golden State Warriors,s:40~l:46~t:9,golden-state-warriors,https://a.espncdn.com/i/teamlogos/nba/500/gs.png,GS,003da5,fdb927,away,True,106,25,Thunder,Oklahoma City,Oklahoma City Thunder,OKC,https://a.espncdn.com/i/teamlogos/nba/500/okc.png,C67C03,f05133,98
401359863,2022,2,2021-10-24,2021-10-24 21:00:00-04:00,3975,Stephen Curry,9,Warriors,Golden State,Warriors,35.0,9.0,23.0,4.0,15.0,5.0,6.0,1.0,6.0,7.0,10.0,3.0,0.0,3.0,1.0,+14,27.0,True,False,False,COACH'S DECISION,True,30,S. Curry,https://a.espncdn.com/i/headshots/nba/players/full/3975.png,Point Guard,PG,Golden State Warriors,s:40~l:46~t:9,golden-state-warriors,https://a.espncdn.com/i/teamlogos/nba/500/gs.png,GS,003da5,fdb927,away,True,119,23,Kings,Sacramento,Sacramento Kings,SAC,https://a.espncdn.com/i/teamlogos/nba/500/sac.png,393996,8e9090,107
401358778,2022,2,2021-10-21,2021-10-21 22:00:00-04:00,3975,Stephen Curry,9,Warriors,Golden State,Warriors,38.0,16.0,25.0,8.0,13.0,5.0,5.0,0.0,10.0,10.0,1.0,1.0,1.0,6.0,2.0,-2,45.0,True,False,False,COACH'S DECISION,True,30,S. Curry,https://a.espncdn.com/i/headshots/nba/players/full/3975.png,Point Guard,PG,Golden State Warriors,s:40~l:46~t:9,golden-state-warriors,https://a.espncdn.com/i/teamlogos/nba/500/gs.png,GS,003da5,fdb927,home,True,115,12,Clippers,LA,LA Clippers,LAC,https://a.espncdn.com/i/teamlogos/nba/500/lac.png,FA0028,f1f2f3,113
401358774,2022,2,2021-10-19,2021-10-19 22:00:00-04:00,3975,Stephen Curry,9,Warriors,Golden State,Warriors,36.0,5.0,21.0,2.0,8.0,9.0,9.0,1.0,9.0,10.0,10.0,3.0,0.0,4.0,1.0,+4,21.0,True,False,False,COACH'S DECISION,True,30,S. Curry,https://a.espncdn.com/i/headshots/nba/players/full/3975.png,Point Guard,PG,Golden State Warriors,s:40~l:46~t:9,golden-state-warriors,https://a.espncdn.com/i/teamlogos/nba/500/gs.png,GS,003da5,fdb927,away,True,121,13,Lakers,Los Angeles,Los Angeles Lakers,LAL,https://a.espncdn.com/i/teamlogos/nba/500/lal.png,542582,552582,114
